Category,Task ID,Title,Description,Priority,Status,Estimated Hours,Dependencies,Technology,Component Type
Frontend Project Setup & Configuration,FE001,Frontend Project Initialization,Setup React/Vue project with Vite configure project structure and dependencies,High,Todo,4,,React/Vue,Infrastructure
Frontend Project Setup & Configuration,FE002,Tailwind CSS Configuration,Install and configure Tailwind CSS with custom theme and design system,High,Todo,3,FE001,Styling,Configuration
Frontend Project Setup & Configuration,FE003,UI Component Library Setup,Install and configure UI library (Ant Design/Material-UI) with custom theming,Medium,Todo,4,FE001,React/Vue,Infrastructure
Frontend Project Setup & Configuration,FE004,Routing System Implementation,Setup React Router with protected routes lazy loading and navigation guards,High,Todo,6,FE001,React Router,Infrastructure
Frontend Project Setup & Configuration,FE005,State Management Setup,Implement Redux Toolkit or Zustand for global state management,High,Todo,5,FE001,State Management,Infrastructure
Frontend Project Setup & Configuration,FE006,API Client Configuration,Setup Axios with interceptors error handling and token management,High,Todo,4,FE005,HTTP Client,Infrastructure
Frontend Project Setup & Configuration,FE007,Development Environment Setup,Configure ESLint Prettier TypeScript and development scripts,Medium,Todo,3,FE001,Tooling,Configuration
Authentication & User Interface,FE008,Login Page Design & Implementation,Create responsive login page with email/password form and Google OAuth button,High,Todo,8,FE004 FE005 FE006,Authentication,Form
Authentication & User Interface,FE009,Registration Page Design & Implementation,Create multi-step registration form with validation and email verification,High,Todo,12,FE008,Authentication,Form
Authentication & User Interface,FE010,Forgot Password Interface,Create forgot password form with email input and reset flow,Medium,Todo,6,FE008,Authentication,Form
Authentication & User Interface,FE011,Google OAuth Integration UI,Implement Google sign-in button and callback handling UI,Medium,Todo,6,FE008,OAuth,Button
Authentication & User Interface,FE012,Authentication Context Provider,Create authentication context with login logout and user state management,High,Todo,8,FE005 FE008,State Management,Context
Authentication & User Interface,FE013,Protected Route Components,Create higher-order components for route protection and redirect logic,High,Todo,4,FE004 FE012,Routing,HOC
User Profile Management UI,FE014,Profile Dashboard Layout,Create main profile dashboard with sidebar navigation and content areas,High,Todo,6,FE002 FE003,UI/UX,Layout
User Profile Management UI,FE015,Personal Information Form,Create form for full name email phone date of birth and gender,High,Todo,8,FE014,Form,Input
User Profile Management UI,FE016,ID Document Upload Interface,Create drag-and-drop file upload for KTP/Passport with preview,High,Todo,10,FE015,File Upload,Component
User Profile Management UI,FE017,Document Number Management,Create forms for KTP/Passport numbers with validation,Medium,Todo,6,FE016,Form,Input
User Profile Management UI,FE018,Bank Details Management UI,Create form for bank name account number and account name (A.N),Medium,Todo,6,FE015,Form,Input
User Profile Management UI,FE019,Password Change Interface,Create secure password change form with current/new password fields,Medium,Todo,6,FE015,Security,Form
User Profile Management UI,FE020,Profile Avatar & Photo Management,Create profile photo upload and management with cropping functionality,Low,Todo,8,FE016,File Upload,Component
Package Display & Management UI,FE021,Package Listing Page Layout,Create main package listing page with grid/list view toggle and filters,High,Todo,8,FE002 FE003,Package Display,Layout
Package Display & Management UI,FE022,Package Filter System,Create comprehensive filtering system for package types classes dates and prices,High,Todo,12,FE021,Filtering,Component
Package Display & Management UI,FE023,Package Card Component,Create reusable package card component with images ratings and key info,High,Todo,8,FE021,Package Display,Card
Package Display & Management UI,FE024,Package Detail Page,Create comprehensive package detail page with tabs and extensive information,High,Todo,16,FE023,Package Display,Page
Package Display & Management UI,FE025,Package Comparison Feature,Create side-by-side package comparison interface,Medium,Todo,10,FE023,Comparison,Component
Package Display & Management UI,FE026,Package Search & Suggestions,Implement search functionality with autocomplete and suggestion system,Medium,Todo,8,FE021,Search,Component
Package Display & Management UI,FE027,Package Availability Calendar,Create interactive calendar showing package availability and pricing,Medium,Todo,12,FE024,Calendar,Component
Booking Process UI,FE028,Multi-step Booking Wizard,Create step-by-step booking process with progress indicator and navigation,High,Todo,16,FE024,Booking,Process
Booking Process UI,FE029,Pilgrim Data Collection Form,Create comprehensive form for collecting pilgrim details with validation,High,Todo,12,FE028,Booking,Form
Booking Process UI,FE030,Jemaah Counter Component,Create interactive counter for jumlah jemaah with bayi/dewasa options,High,Todo,8,FE028,Booking,Component
Booking Process UI,FE031,Room Selection Interface,Create room type selection (Double/Triple/Quad) with visual representation,High,Todo,10,FE030,Booking,Component
Booking Process UI,FE032,Booking Summary Component,Create comprehensive booking summary with all details and pricing breakdown,High,Todo,8,FE031,Booking,Summary
Booking Process UI,FE033,Booking Confirmation Flow,Create booking confirmation page with success states and next steps,High,Todo,6,FE032,Booking,Page
Booking Process UI,FE034,Booking Modification Interface,Create interface for modifying existing bookings with restrictions,Medium,Todo,10,FE033,Booking,Component
Payment Interface,FE035,Payment Method Selection,Create payment method selection interface with bank transfer options,High,Todo,8,FE033,Payment,Selection
Payment Interface,FE036,Bank Transfer Information Display,Create interface showing destination bank account name and account number,High,Todo,6,FE035,Payment,Display
Payment Interface,FE037,Transaction Code Generation UI,Create interface for generating and displaying unique transaction codes,High,Todo,6,FE035,Payment,Component
Payment Interface,FE038,Payment Proof Upload Interface,Create drag-and-drop interface for uploading payment proof documents,High,Todo,8,FE035,File Upload,Component
Payment Interface,FE039,Payment Status Dashboard,Create real-time payment status tracking with notifications,High,Todo,10,FE038,Payment,Dashboard
Payment Interface,FE040,Payment History & Receipts,Create payment history page with receipt downloads and transaction details,Medium,Todo,8,FE039,Payment,History
Order & Booking Management UI,FE041,Order Dashboard Layout,Create main order management dashboard with status overview,High,Todo,8,FE039,Order Management,Layout
Order & Booking Management UI,FE042,Order Status Management,Create interface for viewing and tracking all order statuses,High,Todo,12,FE041,Order Management,Component
Order & Booking Management UI,FE043,Order Detail View,Create comprehensive order detail page with all booking information,High,Todo,10,FE042,Order Management,Page
Order & Booking Management UI,FE044,Order History & Filtering,Create order history page with advanced filtering and search,Medium,Todo,10,FE043,Order Management,List
Order & Booking Management UI,FE045,Order Communication Interface,Create messaging system for customer support and order updates,Medium,Todo,12,FE043,Communication,Chat
Order & Booking Management UI,FE046,Order Document Management,Create interface for managing order-related documents and tickets,Low,Todo,8,FE043,Document Management,Component
Services & Information Pages,FE047,Services Landing Page,Create comprehensive 'Layanan Kami' page showcasing all services,Medium,Todo,12,FE002 FE003,Information,Page
Services & Information Pages,FE048,Service Detail Pages,Create individual detail pages for each service with pricing,Medium,Todo,10,FE047,Information,Page
Services & Information Pages,FE049,Pilgrim Management Interface,Create 'Manajemen Jamaah' section for group and individual management,Medium,Todo,16,FE041,Management,Interface
Services & Information Pages,FE050,FAQ & Help Center,Create FAQ page and help center with searchable content,Low,Todo,8,FE047,Support,Page
Services & Information Pages,FE051,About & Contact Pages,Create company information and contact pages with forms,Low,Todo,8,FE047,Information,Page
Admin Panel Frontend,FE052,Admin Dashboard Layout,Create comprehensive admin dashboard with sidebar navigation and metrics,High,Todo,12,FE002 FE003,Admin,Layout
Admin Panel Frontend,FE053,User Management Interface,Create admin interface for managing all users and their profiles,High,Todo,16,FE052,Admin,Interface
Admin Panel Frontend,FE054,Package Management Admin,Create admin interface for CRUD operations on packages,High,Todo,20,FE052,Admin,Interface
Admin Panel Frontend,FE055,Order Management Admin,Create admin interface for managing all orders and updating statuses,High,Todo,16,FE052,Admin,Interface
Admin Panel Frontend,FE056,Sales & Analytics Dashboard,Create analytics dashboard with charts and reports,Medium,Todo,16,FE052,Analytics,Dashboard
Admin Panel Frontend,FE057,System Settings Interface,Create admin interface for system configuration and settings,Low,Todo,10,FE052,Admin,Interface
Mobile Responsiveness & UX,FE058,Mobile Navigation System,Implement mobile-first navigation with hamburger menu and drawer,High,Todo,8,FE004,Mobile,Navigation
Mobile Responsiveness & UX,FE059,Responsive Layout System,Ensure all pages are fully responsive across all device sizes,High,Todo,20,FE002,Responsive,Layout
Mobile Responsiveness & UX,FE060,Touch-friendly Interactions,Optimize all interactive elements for touch devices,High,Todo,12,FE059,Mobile,Interactions
Mobile Responsiveness & UX,FE061,Loading States & Skeletons,Implement loading states and skeleton screens for better UX,Medium,Todo,10,FE059,UX,Component
Mobile Responsiveness & UX,FE062,Performance Optimization,Optimize frontend performance with code splitting and lazy loading,Medium,Todo,12,FE061,Performance,Optimization
Frontend Testing & Quality,FE063,Component Testing Setup,Setup Jest/React Testing Library for component unit testing,High,Todo,8,FE007,Testing,Setup
Frontend Testing & Quality,FE064,E2E Testing Implementation,Implement Cypress/Playwright for end-to-end testing,High,Todo,16,FE063,Testing,E2E
Frontend Testing & Quality,FE065,Visual Regression Testing,Setup visual regression testing for UI consistency,Medium,Todo,10,FE064,Testing,Visual
Frontend Testing & Quality,FE066,Accessibility Testing & Implementation,Implement WCAG compliance and accessibility features,High,Todo,12,FE059,Accessibility,Implementation
Frontend Testing & Quality,FE067,Performance Testing,Test and optimize frontend performance metrics,Medium,Todo,8,FE062,Testing,Performance
Deployment & Build Optimization,FE068,Build Optimization,Optimize production build with minification tree shaking and compression,High,Todo,8,FE062,Build,Optimization
Deployment & Build Optimization,FE069,Deployment Pipeline,Setup CI/CD pipeline for automated deployment,High,Todo,6,FE068,CI/CD,Pipeline
Deployment & Build Optimization,FE070,Environment Configuration,Manage environment variables and configuration for different stages,Medium,Todo,4,FE069,Configuration,Environment